"The examples provided were helpful but too few. More case studies and real-world scenarios would improve understanding. Sometimes, abstract concepts were explained without practical context. Hands-on exercises would reinforce learning.",0.0,1.0,0.0,0.0,0.14432871341705322,0.7366832494735718,0.1189880222082138,,,,,
"The session was too long, making it difficult to stay focused. Breaking it into smaller modules with short breaks would help. Attention dropped towards the end. Keeping the sessions concise would improve engagement.",0.0,1.0,0.0,0.0,0.10105360299348831,0.8029247522354126,0.0960216373205185,,,,,
"The Q&A session was too short, leaving many doubts unresolved. Extending this segment would allow more interaction. Allocating a dedicated session for addressing concerns would be useful. Having an online forum for follow-up questions could be beneficial.",0.0,1.0,0.0,0.0,0.17329394817352295,0.7056006789207458,0.1211053803563118,,,,,
The practical examples were too simple and did not fully explain real-world applications. Including more complex case studies would help. Some advanced topics were barely touched upon. More detailed industry-related applications would improve understanding.,0.0,1.0,0.0,0.0,0.16551880538463593,0.7211465835571289,0.11333457380533218,,,,,
The session was informative but felt repetitive at times. Some sections could be condensed to avoid redundancy. Summarizing key points at the end would help reinforce learning. Avoiding overlap between sections would make the content more concise.,0.0,1.0,0.0,0.0,0.13573171198368073,0.7397658228874207,0.12450245767831802,,,,,
"The trainer was knowledgeable, but the delivery was monotonous. Adding enthusiasm and engaging storytelling would improve audience interest. Varying the tone and including interactive discussions would make it more appealing. A more engaging presentation style would help.",0.0,1.0,0.0,0.0,0.1482716053724289,0.7219848036766052,0.12974360585212708,,,,,
"The session moved too quickly, making it hard to follow along. Slowing down and allowing time for questions would improve comprehension. Some key points were glossed over too fast. A structured pace with pauses for reflection would be helpful.",0.0,1.0,0.0,0.0,0.05870724469423294,0.8426527976989746,0.09863992780447006,,,,,
"The workshop covered a lot of material, but the lack of examples made it difficult to grasp. Concepts felt too theoretical and abstract. More case studies and practical demonstrations would be beneficial. Relating topics to real-world applications would improve clarity",0.0,1.0,0.0,0.0,0.10313956439495087,0.7550897598266602,0.14177066087722778,,,,,
The content was informative but seemed outdated in some parts. Including recent developments in AI would make it more relevant. Comparing older methods with new innovations could provide better insight. Regular updates to materials would enhance learning.,0.0,1.0,0.0,0.0,0.16175876557826996,0.6492295265197754,0.18901175260543823,,,,,
The examples provided were useful but too limited. More diverse case studies and real-world applications would improve comprehension. Some abstract concepts needed more context. Hands-on exercises could reinforce learning.,0.0,1.0,0.0,0.0,0.11341308057308197,0.8072615265846252,0.079325370490551,,,,,
"The session was too long and felt overwhelming. Breaking it into smaller, more digestible modules would help maintain focus. By the end, attention levels dropped. More concise sessions with short breaks would be beneficial.",0.0,1.0,0.0,0.0,0.05215863138437271,0.8458151817321777,0.10202614217996597,,,,,
"The presentation was lacking in detail, and many sections felt rushed. Important concepts were skipped without proper explanation. Overall, it was hard to follow.	",0.0,1.0,0.0,0.0,0.12837162613868713,0.8027955889701843,0.06883279234170914,,,,,
"The session lacked proper structure and clarity. Key points were either rushed or not elaborated on enough, making it difficult to grasp the full concept. Could benefit from more detailed examples.	",0.0,1.0,0.0,0.0,0.14751829206943512,0.7353771924972534,0.11710453778505325,,,,,
"The presentation was disorganized, jumping between topics without clear transitions. Some critical areas were left unexplained, leaving confusion.	",0.0,1.0,0.0,0.0,0.1228293776512146,0.7829100489616394,0.09426060318946838,,,,,
"The session felt rushed, and many key concepts were not explained thoroughly. The pace was too fast, leaving little time for understanding.	",0.0,1.0,0.0,0.0,0.08413480222225189,0.8364740610122681,0.07939107716083527,,,,,
The presentation was too theoretical and lacked real-world application. There were minimal examples to connect the concepts.	,0.0,1.0,0.0,0.0,0.11608714610338211,0.7945550680160522,0.08935773372650146,,,,,
"The session lacked engagement, and many examples were irrelevant. More interactive and detailed discussions are needed for clarity.	",0.0,1.0,0.0,0.0,0.09991685301065445,0.8394557237625122,0.06062750890851021,,,,,
"Some key points were not explained fully, and the session lacked structure. The examples given were outdated and irrelevant.	",0.0,1.0,0.0,0.0,0.1229424700140953,0.7679723501205444,0.10908517241477966,,,,,
"The content was useful, but the presentation lacked engagement. More real-world examples and case studies would be beneficial. Some complex concepts were not broken down enough.",0.0,1.0,0.0,0.0,0.07159067690372467,0.8449537754058838,0.08345561474561691,,,,,
"The lecture had great content, but the delivery felt monotonous. Adding interactive discussions would improve engagement. Some concepts lacked real-world applications.",0.0,1.0,0.0,0.0,0.09435462206602097,0.7845986485481262,0.12104672938585281,,,,,
"There was a lack of in-depth coverage on crucial topics, and the examples were not relatable to real-world applications.	",0.0,1.0,0.0,0.0,0.1351742297410965,0.7774441838264465,0.08738162368535995,,,,,
"The delivery was rushed, and several important sections were missed. The pace made it hard to follow, and the material was not interactive.	",0.0,1.0,0.0,0.0,0.12334482371807098,0.7630375027656555,0.11361771076917648,,,,,
The examples used were outdated and not relevant to current industry trends. Using modern case studies would make learning more relatable.,0.0,1.0,0.0,0.0,0.1142955794930458,0.755632221698761,0.130072221159935,,,,,
The session was useful but felt rushed. More structured explanations and slower pacing would improve understanding.,0.0,1.0,0.0,0.0,0.07097992300987244,0.8624037504196167,0.06661639362573624,,,,,
The lecture had good points but felt too scripted. A more natural and engaging delivery would help. Some practical demonstrations would be useful.,0.0,1.0,0.0,0.0,0.13616161048412323,0.694192111492157,0.1696462631225586,,,,,
The content felt too basic and did not include sufficient examples for deeper understanding. More in-depth discussion would have been useful.	,0.0,1.0,0.0,0.0,0.1071707010269165,0.8011408448219299,0.09168843924999237,,,,,
Some explanations were too technical and difficult to follow. Simplifying the language and providing step-by-step examples would help.,0.0,1.0,0.0,0.0,0.09760057926177979,0.823857307434082,0.07854211330413818,,,,,
The session focused too much on theory and not enough on real-world applications. Case studies and industry insights would be beneficial.,0.0,1.0,0.0,0.0,0.10718921571969986,0.778336763381958,0.11447398364543915,,,,,
"The session lacked in-depth coverage of the topics. Many of the concepts were not thoroughly explained, leading to confusion.	",0.0,1.0,0.0,0.0,0.11791215091943741,0.7877015471458435,0.09438633173704147,,,,,
"The Q&A session was too short, leaving many doubts unanswered. Extending this part would improve engagement and understanding",0.0,1.0,0.0,0.0,0.10153798758983612,0.8066805601119995,0.09178145229816437,,,,,
"The session covered important topics, but some examples felt outdated. Including modern case studies would make the content more relevant.",0.0,0.263,0.737,0.4215,0.044067490845918655,0.8419492244720459,0.11398336291313171,,,,,
The presentation lacked real-world examples and didn’t cover some critical areas. The information was too theoretical and disconnected.	,0.0,1.0,0.0,0.0,0.15274882316589355,0.7027109265327454,0.14454029500484467,,,,,
"The session felt rushed, and important points were overlooked. The content should have been more in-depth to cater to the audience's level.	",0.0,1.0,0.0,0.0,0.12514519691467285,0.741693913936615,0.13316094875335693,,,,,
Many sections were rushed and lacked necessary details. The material presented was not engaging enough to hold attention.	,0.0,1.0,0.0,0.0,0.13921909034252167,0.7875244617462158,0.07325638830661774,,,,,
"The information provided was basic, and the delivery lacked depth. More technical details and examples were needed for better understanding.	",0.0,1.0,0.0,0.0,0.1428079605102539,0.7256373763084412,0.13155469298362732,,,,,
The session was too brief and didn’t provide a thorough explanation of complex concepts. More examples would have been helpful.	,0.0,1.0,0.0,0.0,0.16152667999267578,0.6844848990440369,0.15398842096328735,,,,,
"The content was relevant but lacked depth in explanations. Some topics felt rushed, and additional elaboration on key concepts would be beneficial. Providing real-world applications could enhance understanding. More examples and practical demonstrations would help",0.0,1.0,0.0,0.0,0.13475458323955536,0.7594150304794312,0.10583046078681946,,,,,
"The workshop covered important topics, but the lack of examples made it hard to understand. Many concepts were only explained theoretically, which made them abstract. More real-world case studies would add clarity. Adding interactive elements could improve engagement.",0.0,1.0,0.0,0.0,0.1246902272105217,0.7715170383453369,0.10379277914762497,,,,,
Some slides were too technical and difficult to follow. Simplifying the language and breaking down complex terms would improve comprehension. Visual representations like diagrams and flowcharts could help. Providing a glossary of key terms would be useful.,0.0,1.0,0.0,0.0,0.13724473118782043,0.7490687966346741,0.1136864721775055,,,,,
"The session felt unstructured at times, making it hard to follow. A clear agenda at the beginning would improve the flow of topics. Some transitions between sections were abrupt. Better organization of content would enhance the learning experience.",0.0,1.0,0.0,0.0,0.1531660109758377,0.7248579263687134,0.1219761073589325,,,,,
The content was informative but slightly outdated. Including recent advancements and emerging trends would make it more relevant. A comparison with newer technologies could provide better insights. Regularly updating materials would enhance learning.,0.0,1.0,0.0,0.0,0.15621887147426605,0.7150735259056091,0.1287076473236084,,,,,
"The trainer was knowledgeable, but the session lacked interaction. Encouraging audience participation and discussions would make it more engaging. Some segments felt like a one-way lecture. More Q&A opportunities would benefit learners.",0.0,1.0,0.0,0.0,0.13561394810676575,0.7549847960472107,0.10940124094486237,,,,,
"The PowerPoint slides contained too much text, making them difficult to read. Using more visuals, charts, and bullet points would improve clarity. A more structured format with key takeaways would be beneficial. Reducing text density would make learning easier.",0.0,1.0,0.0,0.0,0.16093628108501434,0.7131368517875671,0.12592682242393494,,,,,
The course lacked practical applications and was mostly theoretical. Hands-on projects and real-life case studies would make the concepts more tangible. A live demonstration of concepts would enhance clarity. Practical exposure would be beneficial for better retention.,0.0,1.0,0.0,0.0,0.14490878582000732,0.7242331504821777,0.13085800409317017,,,,,
"The session covered a wide range of topics, but it lacked focus. Some sections felt rushed, while others were detailed. A more structured approach, emphasizing core topics first, would be helpful. Prioritizing key areas would improve learning efficiency.",0.0,1.0,0.0,0.0,0.13820260763168335,0.7237725853919983,0.13802485167980194,,,,,
"The instructor was knowledgeable but spoke too fast, making it hard to keep up. Pausing in between complex concepts would help absorption. Adding recap sections could reinforce learning. A slightly slower delivery would make it easier to follow.",0.0,1.0,0.0,0.0,0.09329237043857574,0.8421177864074707,0.06458982080221176,,,,,
"The training materials were helpful, but they were not well-organized. Navigating through the slides felt difficult. A more sequential arrangement of topics would help. Including a summary at the end of each section would be useful.",0.0,1.0,0.0,0.0,0.14686855673789978,0.7289378643035889,0.12419351935386658,,,,,
Some key concepts were covered too quickly. Allocating more time to complex topics would improve understanding. Having additional resources for deeper study would be beneficial. Slowing down and reinforcing core ideas would help retention.,0.0,1.0,0.0,0.0,0.14619532227516174,0.7688833475112915,0.08492139726877213,,,,,
"The session lacked engagement, and it felt more like a lecture than an interactive workshop. Encouraging discussions and activities would make it more dynamic. More real-life case studies would add relevance. Interactive Q&A sessions would improve engagement.",0.0,1.0,0.0,0.0,0.1599615216255188,0.7295402884483337,0.11049817502498627,,,,,
"The session was too fast, making it difficult to grasp key concepts. A slower pace would help participants absorb information better. Breaking complex topics into smaller sections would be useful. More pauses for questions could improve understanding.",0.0,1.0,0.0,0.0,0.14421288669109344,0.7172556519508362,0.13853146135807037,,,,,
The content was somewhat useful but lacked depth in key areas. It would be more effective if explanations were more detailed. More real-world applications would enhance the learning experience. Hands-on exercises could make it more engaging.,0.0,1.0,0.0,0.0,0.07162878662347794,0.8471649885177612,0.08120618015527725,,,,,
Some sections of the session were too technical and hard to follow. Simplifying complex terms would make it easier to understand. Adding more visuals or diagrams could help. Providing a glossary of key terms would also be useful.,0.0,1.0,0.0,0.0,0.09004151076078415,0.7909125685691833,0.1190459132194519,,,,,
"The session felt unorganized at times, making it hard to keep track of topics. A clear agenda and structured flow would be helpful. Some transitions were abrupt and confusing. Better organization could enhance the learning experience.",0.0,1.0,0.0,0.0,0.08380553871393204,0.8058127760887146,0.11038162559270859,,,,,
The instructor was knowledgeable but didn’t engage the audience much. Encouraging participation and discussions would make the session more interactive. Some parts felt like a one-way lecture. More opportunities for Q&A would improve engagement.,0.0,1.0,0.0,0.0,0.09543193131685257,0.796868622303009,0.107699453830719,,,,,
"The content was overly simplistic and did not dive into important details. Key concepts were not covered clearly, leaving confusion. More practical examples would be helpful.	",0.0,1.0,0.0,0.0,0.10847902297973633,0.8111147284507751,0.08040622621774673,,,,,
The content was too basic and did not address more advanced topics. Key technical details were skipped over.	,0.0,1.0,0.0,0.0,0.0993313118815422,0.831243634223938,0.0694250762462616,,,,,
The session was too quick and skipped over many important concepts. The delivery was not clear enough to grasp critical details.	,0.0,1.0,0.0,0.0,0.1117079108953476,0.7939625382423401,0.09432954341173172,,,,,
The presentation was overly simplified and did not address the technical complexity of the subject. More examples would have been beneficial.	,0.0,1.0,0.0,0.0,0.1244783028960228,0.7843942046165466,0.09112754464149475,,,,,
"The session covered good topics, but the explanations felt rushed. More time should be allocated for key concepts. Some slides were too text-heavy, making it difficult to follow.",0.0,1.0,0.0,0.0,0.06797363609075546,0.8332522511482239,0.09877409040927887,,,,,
The session lacked focus and veered off-topic frequently. The information provided was too basic and did not dive into key concepts.	,0.0,1.0,0.0,0.0,0.14191068708896637,0.7487835884094238,0.1093057170510292,,,,,
"The pacing was inconsistent, making it difficult to keep up. A steady, structured approach would help. Some technical terms were not explained well.",0.0,1.0,0.0,0.0,0.1525052785873413,0.677665650844574,0.16982915997505188,,,,,
"The session was too theory-heavy, with little focus on practical aspects. Adding live demonstrations or hands-on sessions would improve learning.",0.0,1.0,0.0,0.0,0.13090378046035767,0.7060530185699463,0.16304327547550201,,,,,
"The slides had too much information, making it overwhelming. A simplified, more structured approach would be better. The Q&A session was too short.",0.0,1.0,0.0,0.0,0.08749037981033325,0.8119199275970459,0.10058970749378204,,,,,
"The session lacked clarity, and many key concepts were skipped over. More explanation and relevant examples would have been helpful.	",0.0,1.0,0.0,0.0,0.11646394431591034,0.8112879395484924,0.07224804162979126,,,,,
"Some explanations were too complex, making it hard to understand. Breaking down topics into smaller, simpler sections would help.",0.0,1.0,0.0,0.0,0.06992676109075546,0.7994931936264038,0.1305800825357437,,,,,
"The session lacked interaction, making it feel dull. More student involvement through discussions or activities would improve engagement.",0.688,0.312,0.0,-0.296,0.12811537086963654,0.7461960911750793,0.12568853795528412,,,,,
"The session had a lot of useful content, but the instructor spoke too fast. Slowing down would help with better understanding.",0.0,1.0,0.0,0.0,0.11679589003324509,0.7900317907333374,0.09317237883806229,,,,,
The topic was interesting but lacked interactive elements. Adding live coding or real-time problem-solving would improve learning.,0.0,1.0,0.0,0.0,0.10658375173807144,0.7813872694969177,0.11202897131443024,,,,,
"The session was not engaging, and many key points were rushed through without clear explanations. More interactive content would be beneficial.	",0.0,1.0,0.0,0.0,0.13433460891246796,0.7442386150360107,0.1214267835021019,,,,,
"The slides contained too much text, making it hard to follow along. More visual elements like diagrams and charts would help.",0.0,1.0,0.0,0.0,0.12496740370988846,0.733396589756012,0.14163601398468018,,,,,
"The content was overly simplified, leaving out important technical details. The session was not challenging enough for experienced learners.	",0.0,1.0,0.0,0.0,0.11514272540807724,0.8211867809295654,0.06367042660713196,,,,,
"The instructor rushed through the final topics, making it difficult to absorb the information. A more balanced time distribution is needed.",0.0,1.0,0.0,0.0,0.09836462140083313,0.7618464231491089,0.13978895545005798,,,,,
"The session lacked engagement, making it hard to stay focused. Adding discussions or group activities would make it more interesting.",0.0,1.0,0.0,0.0,0.13738086819648743,0.721311628818512,0.1413075029850006,,,,,
The content was too general and didn’t address the specific needs of the audience. The examples were not relevant to current industry trends.	,0.0,1.0,0.0,0.0,0.11994360387325287,0.7919924855232239,0.08806389570236206,,,,,
"The session was not structured well, and the examples provided were inadequate. The flow of the material was hard to follow.	",0.0,1.0,0.0,0.0,0.16427195072174072,0.7011038064956665,0.13462424278259277,,,,,
"The content was not engaging and lacked real-world applications. The explanations were unclear, leading to confusion.	",0.0,1.0,0.0,0.0,0.10777045786380768,0.8294536471366882,0.06277590990066528,,,,,
"""The CSE department is highly supportive and offers the latest tools and technologies to help students excel in their field.""	",0.0,1.0,0.0,0.0,0.14001977443695068,0.729042112827301,0.13093815743923187,,,,,
"	The CSE department is extremely supportive, offering cutting-edge technology and a robust curriculum. Professors make learning easy and foster a collaborative environment. Resources and labs are top-notch, helping students stay ahead in the industry.",0.0,1.0,0.0,0.0,0.14001977443695068,0.729042112827301,0.13093815743923187,,,,,
"The IoT department offers a practical approach to learning, with hands-on projects that help apply concepts in real-world scenarios. The curriculum is modern and aligned with industry trends. Labs and workshops are equipped with the latest IoT devices.	",0.0,1.0,0.0,0.0,0.11719787865877151,0.7874645590782166,0.09533754736185074,,,,,
"AIML’s curriculum is rigorous yet rewarding, with a perfect balance of theory and practical exposure. Faculty members are experts in the field and encourage student participation in various AI-related projects. This hands-on experience is invaluable.	",0.0,1.0,0.0,0.0,0.12510764598846436,0.774753987789154,0.10013838112354279,,,,,
"The IT department is well-equipped with modern software and hardware tools, which are crucial for developing real-world technical skills. Professors deliver the content in a clear, concise manner, making it easier for students to grasp difficult concepts.	",0.0,1.0,0.0,0.0,0.14116933941841125,0.750601053237915,0.1082296147942543,,,,,
The AIML department’s hands-on approach ensures that we are well-prepared for a career in AI. The projects and real-world problems we solve help strengthen the knowledge gained in the classroom. The professors make sure we understand the concepts deeply.	,0.0,1.0,0.0,0.0,0.1441827267408371,0.76763516664505,0.08818218111991882,,,,,
"The IoT department equips students with the skills to work on real-time IoT applications. The faculty is knowledgeable and provides practical insights into the latest IoT trends. The labs are equipped with current tools, helping students stay competitive.	",0.0,1.0,0.0,0.0,0.1869017332792282,0.6398718357086182,0.17322643101215363,,,,,
IT is an excellent department with ample learning opportunities. The course material is constantly updated to match industry standards. The faculty is approachable and always ready to clarify doubts. Labs provide an excellent platform for hands-on experience.	,0.0,1.0,0.0,0.0,0.10623613744974136,0.8189489841461182,0.07481488585472107,,,,,
"The AIML department has a rich curriculum that is constantly evolving with the fast-paced AI industry. Professors ensure that every student understands key concepts. Projects offer excellent practical exposure, helping students apply their learning.	",0.0,1.0,0.0,0.0,0.14421971142292023,0.7492495179176331,0.10653074085712433,,,,,
"The IT department offers a structured learning experience, with projects and internships that allow students to work on industry-relevant tasks. The curriculum is constantly updated to reflect the latest technological developments.	",0.0,1.0,0.0,0.0,0.13114355504512787,0.7772262096405029,0.0916302427649498,,,,,
The CSE department offers a dynamic learning environment with access to state-of-the-art labs and resources. Professors engage with students regularly to ensure that they are on track. The department also hosts various events and workshops.	,0.0,1.0,0.0,0.0,0.156005397439003,0.7437856793403625,0.10020887851715088,,,,,
"The CSE department provides an excellent platform for learning cutting-edge technologies. Professors make sure we understand complex concepts, and there are many opportunities for research and development. The department has good industry connections, which is helpful.	",0.0,1.0,0.0,0.0,0.16146308183670044,0.7305518984794617,0.1079850047826767,,,,,
AIML offers a great blend of practical and theoretical knowledge. The professors are highly skilled and offer valuable insights into the AI industry. The projects and assignments help students apply their learning and prepare them for real-world challenges.	,0.0,1.0,0.0,0.0,0.09396513551473618,0.8204987645149231,0.08553605526685715,,,,,
"IT department offers a comprehensive curriculum with constant updates to meet industry standards. Professors encourage collaboration, and the resources provided for projects are very good. The department focuses on both theoretical knowledge and practical application.	",0.0,1.0,0.0,0.0,0.13030658662319183,0.7889178991317749,0.08077552914619446,,,,,
"AIML’s curriculum is forward-thinking, preparing students for the fast-paced AI industry. The faculty are supportive and ensure that we can apply our knowledge to real-world problems. Projects are interesting and relevant.	",0.0,1.0,0.0,0.0,0.11651939898729324,0.8035902380943298,0.07989034801721573,,,,,
"IT is an excellent department that offers a good balance of theory and practical learning. The professors are knowledgeable and offer continuous support. The curriculum covers the latest industry trends, and the labs are well-equipped.	",0.0,1.0,0.0,0.0,0.12309105694293976,0.7776065468788147,0.09930235892534256,,,,,
"The CSE department offers a diverse set of opportunities to engage with the latest technologies. The faculty are approachable and offer personalized support. There are many workshops, seminars, and industry interactions that help students stay informed.	",0.0,1.0,0.0,0.0,0.09115882217884064,0.7985420823097229,0.11029906570911407,,,,,
"AIML prepares students for AI careers by combining theoretical learning with hands-on projects. The faculty are passionate and always ready to help students excel. The department encourages innovation and research, which is beneficial.	",0.0,1.0,0.0,0.0,0.13119474053382874,0.7798884510993958,0.08891686052083969,,,,,
CSE offers a diverse set of courses that cover a wide range of topics in computer science. Professors are highly knowledgeable and encourage student participation in various events and projects. The department is always striving to stay updated with industry trends.	,0.0,1.0,0.0,0.0,0.1455642431974411,0.7453129887580872,0.10912282019853592,,,,,
"The CSE department helps students build a strong foundation in computer science concepts. The curriculum is constantly updated to match industry requirements, and professors offer great mentorship. There are plenty of opportunities for research and innovation.	",0.0,1.0,0.0,0.0,0.13113847374916077,0.7540584802627563,0.1148030161857605,,,,,
"The IoT department offers extensive resources for students to learn and apply IoT concepts. The faculty is supportive, and the hands-on projects help students develop real-world skills. The department emphasizes practical learning over theoretical knowledge.	",0.0,1.0,0.0,0.0,0.09819579124450684,0.8249629139900208,0.07684127986431122,,,,,
"IT is an excellent department with a well-rounded curriculum and lots of opportunities for practical learning. The professors provide great guidance, and the labs are well-equipped with industry-standard tools.	",0.0,1.0,0.0,0.0,0.10119093954563141,0.8150116205215454,0.08379746228456497,,,,,
"AIML’s curriculum introduces important AI concepts, but more real-world applications could be included. Professors are knowledgeable, but more hands-on learning would be helpful. The department is improving but has room for growth.	",0.0,1.0,0.0,0.0,0.14611251652240753,0.7380937337875366,0.11579376459121704,,,,,
"The IT department offers basic courses that cover the fundamentals. While the faculty support is good, the curriculum sometimes lacks depth in newer technologies. The infrastructure is functional but could be updated more frequently.	",0.0,1.0,0.0,0.0,0.1691439300775528,0.6888784766197205,0.14197760820388794,,,,,
"AIML covers essential AI concepts but lacks exposure to cutting-edge tools. Faculty support is good, but more practical, real-world applications would enhance learning. The department’s focus on theory sometimes limits students’ practical knowledge.	",0.0,1.0,0.0,0.0,0.15640687942504883,0.7254669666290283,0.11812611669301987,,,,,
"The IoT program introduces basic concepts well, but there is not enough focus on advanced tools or industry applications. While the professors try to be supportive, more focus on current trends would be beneficial.	",0.0,1.0,0.0,0.0,0.13596606254577637,0.7214903235435486,0.14254362881183624,,,,,
"The IT department provides decent academic content, but some courses feel outdated. The faculty support is decent, but more industry-oriented courses and workshops could help students become better prepared for the job market.	",0.0,1.0,0.0,0.0,0.11306850612163544,0.7986254096031189,0.08830606937408447,,,,,
"CSE department is decent, but there are areas where improvement is needed, particularly in hands-on learning. Some subjects seem disconnected from current industry trends, and more modern tools should be incorporated.	",0.0,1.0,0.0,0.0,0.10527225583791733,0.8113746643066406,0.08335302770137787,,,,,
"AIML provides a basic understanding of AI concepts, but more emphasis on projects could enhance learning. The faculty is knowledgeable but sometimes the courses feel overly theoretical with less hands-on exposure.	",0.0,1.0,0.0,0.0,0.1474803239107132,0.7372098565101624,0.11530975997447968,,,,,
"IoT covers some essential concepts, but it lacks depth in real-world IoT applications. The faculty is supportive but could include more updated examples from the industry to make the program more relevant.	",0.0,1.0,0.0,0.0,0.15629924833774567,0.735192596912384,0.1085081398487091,,,,,
The IT department offers a functional curriculum but needs to update some of the content to align with current technology trends. The faculty is approachable but the resources provided could be improved to offer a better learning experience.	,0.0,1.0,0.0,0.0,0.19208934903144836,0.6848917007446289,0.12301896512508392,,,,,
"The CSE department has a wide range of subjects, but some of the courses feel repetitive. The faculty members are helpful, but more industry interactions or internships could make the learning process more effective.	",0.0,1.0,0.0,0.0,0.10872818529605865,0.8170217275619507,0.07425007224082947,,,,,
"AIML covers some core concepts but is a bit slow to adapt to newer technologies. Professors try to provide real-world examples, but more exposure to current AI projects would be valuable.	",0.0,1.0,0.0,0.0,0.134090855717659,0.7357076406478882,0.1302015632390976,,,,,
"The IoT department offers an introduction to the field, but the hands-on experience could be enhanced. Professors explain concepts clearly, but the resources and tools provided in the labs could be more advanced.	",0.0,1.0,0.0,0.0,0.1499074101448059,0.7295603156089783,0.12053221464157104,,,,,
"The course was informative, but some topics felt rushed. More examples would have been helpful to reinforce concepts. The instructor explained well, but practical applications were limited. A slower pace could have helped in better understanding.",0.0,1.0,0.0,0.0,0.1033531054854393,0.7967710494995117,0.09987583011388779,,,,,
"The AI concepts were well-structured and easy to understand. However, the practical sessions could have been more interactive. Some coding exercises were too complex without enough guidance. Overall, it provided a decent foundation.",0.0,1.0,0.0,0.0,0.11849454045295715,0.796859622001648,0.08464589715003967,,,,,
"The content covered the basics well, but I expected more in-depth discussions on advanced IoT topics. The theoretical parts were clear, but hands-on projects were missing. More real-world examples could have been beneficial.",0.0,1.0,0.0,0.0,0.0841028243303299,0.8422439098358154,0.07365329563617706,,,,,
"The course material was clear and concise, making it easy to follow. However, some explanations could have been more detailed. A few topics felt a bit rushed, and additional case studies would have been beneficial. Overall, the learning experience was moderate.",0.0,1.0,0.0,0.0,0.11783285439014435,0.7946043610572815,0.08756278455257416,,,,,
"The programming exercises were useful and helped in understanding concepts. However, the pace of teaching was a bit fast at times. More real-world projects would have improved the experience. The quizzes were helpful but could have been more challenging.",0.0,1.0,0.0,0.0,0.21008357405662537,0.5934174060821533,0.1964990347623825,,,,,
"The course provided a good theoretical foundation, but it lacked enough real-world applications. More industry-based case studies would have made the sessions more engaging. The assignments were helpful but sometimes repetitive.",0.0,1.0,0.0,0.0,0.13903558254241943,0.748666524887085,0.1122979149222374,,,,,
"The IoT concepts were explained well, but the lack of hands-on experiments was disappointing. Some topics felt repetitive, and I expected more project-based learning. The course structure was good, but a few topics needed deeper explanations.",0.0,1.0,0.0,0.0,0.11536816507577896,0.8114742040634155,0.07315755635499954,,,,,
"The syllabus was well-organized and covered most important topics. However, some sessions felt too long without interactive elements. More breaks or discussion activities would have helped. The assessments were fair, but some questions were ambiguous.",0.0,1.0,0.0,0.0,0.17607277631759644,0.676519513130188,0.1474076360464096,,,,,
"The course had a balanced mix of theoretical and practical learning. However, the transition between topics was sometimes abrupt. A smoother flow between sections would have improved clarity. More coding challenges could have enhanced the experience.",0.0,1.0,0.0,0.0,0.13461405038833618,0.7253203392028809,0.14006568491458893,,,,,
"The explanations were clear, but at times, they felt too technical for beginners. More introductory examples would have helped. The recorded sessions were useful, but interaction in live sessions was minimal. Overall, it was a decent learning experience.",0.0,1.0,0.0,0.0,0.16031669080257416,0.7462092638015747,0.09347403049468994,,,,,
"The IoT applications covered were interesting, but there was little focus on real-world implementation. A few additional coding assignments would have helped reinforce the concepts. The course material was structured well but lacked engagement.",0.0,1.0,0.0,0.0,0.1627708524465561,0.6730853319168091,0.16414384543895721,,,,,
"The learning experience was fine, but some topics were covered too quickly. More focus on practical applications rather than just theory would have been beneficial. The instructor was knowledgeable but sometimes skipped details.",0.0,1.0,0.0,0.0,0.11269069463014603,0.8183698058128357,0.06893951445817947,,,,,
"The course was well-organized with good content. However, some explanations were a bit dry and needed more engaging elements. The pace was moderate, but more visual learning aids would have improved retention.",0.0,1.0,0.0,0.0,0.17066480219364166,0.7183367609977722,0.11099844425916672,,,,,
"The AI models discussed were fascinating, but implementing them was challenging due to limited guidance. More real-world datasets would have enhanced the learning experience. The assignments were useful but could have been structured better.",0.0,1.0,0.0,0.0,0.12631097435951233,0.7832002639770508,0.09048879891633987,,,,,
"The IoT module covered relevant concepts, but the lack of industry-related case studies was noticeable. More project-based assessments would have made learning more effective. The explanations were clear, but examples were limited.",0.0,1.0,0.0,0.0,0.14976288378238678,0.7472006678581238,0.10303644090890884,,,,,
"The course material was comprehensive, but a few topics felt rushed. A better-paced curriculum with interactive discussions could have improved engagement. The quizzes were useful but could have included more scenario-based questions.",0.0,1.0,0.0,0.0,0.15951643884181976,0.7144777178764343,0.12600578367710114,,,,,
"The structure was fine, but some topics lacked real-life examples. More hands-on work would have improved understanding. The instructor was good, but at times, explanations felt repetitive.",0.0,1.0,0.0,0.0,0.17876489460468292,0.6965417861938477,0.12469327449798584,,,,,
"The training provided a strong foundation, but I expected more depth in advanced topics. The assignments were well-designed but could have included more challenges. The slides were useful, but additional reading materials would have helped.",0.0,1.0,0.0,0.0,0.09613000601530075,0.8232300281524658,0.08063997328281403,,,,,
"The IoT course had great potential, but some key topics were skimmed over too quickly. The projects could have been more industry-focused. The hands-on experience was limited, reducing the practical benefits.",0.0,1.0,0.0,0.0,0.07918940484523773,0.847865641117096,0.07294492423534393,,,,,
"The course delivery was systematic, but the engagement level was average. More real-world applications and discussions would have enhanced the overall experience. Some sessions felt too lecture-heavy.",0.0,1.0,0.0,0.0,0.12275432050228119,0.758222758769989,0.11902294307947159,,,,,
The session covered key concepts but lacked engagement. More Q&A interaction would have made it more interesting.,0.0,1.0,0.0,0.0,0.11597579717636108,0.8040809035301208,0.07994335889816284,,,,,
Informative but too theoretical. A practical approach with real-world case studies would improve understanding.,0.0,1.0,0.0,0.0,0.11849454045295715,0.796859622001648,0.08464589715003967,,,,,
"The session was detailed, but a little too fast-paced. Slower explanations for complex topics would be helpful.",0.0,1.0,0.0,0.0,0.13208706676959991,0.7546243071556091,0.11328865587711334,,,,,
"The instructor was knowledgeable, but some parts were hard to follow. More examples would clarify complex topics.",0.0,1.0,0.0,0.0,0.12887385487556458,0.7387473583221436,0.1323786973953247,,,,,
"The content was good, but the PowerPoint slides were too text-heavy. More visuals would enhance comprehension.",0.0,1.0,0.0,0.0,0.12388598173856735,0.7799481153488159,0.09616586565971375,,,,,
"The session had useful insights, but felt a bit long. Breaking it into smaller sections would be beneficial.",0.0,1.0,0.0,0.0,0.1688503921031952,0.7043521404266357,0.12679745256900787,,,,,
"The workshop had good examples, but there wasn’t enough time for discussion. A dedicated discussion segment would be useful.",0.0,1.0,0.0,0.0,0.13742655515670776,0.7657514214515686,0.09682202339172363,,,,,
"The explanation was clear, but it could be more interactive. More engagement would make it better.",0.0,1.0,0.0,0.0,0.1451672911643982,0.7534143924713135,0.10141836106777191,,,,,
"The course provided useful information, but practical application was missing. A hands-on session would be helpful.",0.0,1.0,0.0,0.0,0.12925609946250916,0.79386305809021,0.07688083499670029,,,,,
"The instructor explained topics well, but a slower pace would be appreciated for better understanding.",0.0,1.0,0.0,0.0,0.09950608760118484,0.8083325028419495,0.09216145426034927,,,,,
"The content was structured well, but some areas felt rushed. Extending the session slightly could help.",0.0,1.0,0.0,0.0,0.17454510927200317,0.6915543079376221,0.13390056788921356,,,,,
"The material was good, but some advanced topics were difficult to follow. Simplified explanations would improve clarity.",0.0,1.0,0.0,0.0,0.1507493555545807,0.7466267347335815,0.10262394696474075,,,,,
The course covered important concepts but lacked real-world relevance. Industry examples would improve learning.,0.0,1.0,0.0,0.0,0.16292022168636322,0.6780851483345032,0.1589946299791336,,,,,
"The instructor was engaging, but the session was slightly long. Shorter sessions would be more effective.",0.0,1.0,0.0,0.0,0.11393439024686813,0.7994021773338318,0.08666346222162247,,,,,
"The workshop had good content, but more real-life applications would have been useful.",0.0,1.0,0.0,0.0,0.15326476097106934,0.7404013872146606,0.10633377730846405,,,,,
"The session was informative, but there was too much information at once. Breaking it into parts would help.",0.0,1.0,0.0,0.0,0.1405584067106247,0.7648492455482483,0.09459234774112701,,,,,
"The examples provided were good, but they needed more in-depth explanations.",0.0,1.0,0.0,0.0,0.13701608777046204,0.7878027558326721,0.07518111914396286,,,,,
"The slides were clear, but some explanations were too technical. Simplifying terms would improve comprehension.",0.0,1.0,0.0,0.0,0.19778887927532196,0.618594765663147,0.18361634016036987,,,,,
"The content was well-structured, but lacked practical demonstrations. More hands-on sessions would help.",0.0,1.0,0.0,0.0,0.11661133170127869,0.8172553181648254,0.06613335013389587,,,,,
"The course covered all topics, but some required more time for better understanding.",0.0,1.0,0.0,0.0,0.1263417899608612,0.7847040295600891,0.0889541506767273,,,,,
"The training was good, but could have included more real-world use cases to show application.",0.0,1.0,0.0,0.0,0.19240441918373108,0.6699025630950928,0.13769304752349854,,,,,
"The concepts were well-explained, but more interactive discussions would make it engaging.",0.0,1.0,0.0,0.0,0.10639012604951859,0.7935249209403992,0.10008502751588821,,,,,
"The content was informative, but lacked visual aids. More diagrams or graphs would improve understanding.",0.0,1.0,0.0,0.0,0.12269175797700882,0.7698318362236023,0.10747642070055008,,,,,
"The session was detailed, but needed more engagement. Encouraging student participation would help.",0.0,1.0,0.0,0.0,0.12455809116363525,0.7807275056838989,0.09471441060304642,,,,,
"The session was beneficial, but lacked real-time problem-solving exercises. Adding practice tests would help.",0.0,1.0,0.0,0.0,0.12081799656152725,0.7736137509346008,0.10556817054748535,,,,,
"The instructor was well-prepared, but the session was too lengthy. A more concise approach would be better.",0.0,1.0,0.0,0.0,0.09231351315975189,0.8184370398521423,0.08924940973520279,,,,,
"The topics were covered in detail, but more hands-on sessions would make it better.",0.0,1.0,0.0,0.0,0.14066708087921143,0.7631986141204834,0.09613432735204697,,,,,
"The explanation was clear, but lacked enthusiasm. A more engaging delivery style would help.",0.0,1.0,0.0,0.0,0.10037315636873245,0.7978624105453491,0.10176438093185425,,,,,
"The workshop was useful, but some portions felt repetitive. More variety in examples would help.",0.0,1.0,0.0,0.0,0.17732039093971252,0.7168157696723938,0.10586385428905487,,,,,
"The material was insightful, but time management could have been better. Some topics were rushed.",0.0,1.0,0.0,0.0,0.10019489377737045,0.819924533367157,0.07988057285547256,,,,,
"The course material is well-structured. The lectures could be more engaging.
",0.0,1.0,0.0,0.0,0.1919763684272766,0.578102171421051,0.2299214005470276,,,,,
"Assignments are relevant but sometimes lengthy.
",0.0,1.0,0.0,0.0,0.17758898437023163,0.6954929828643799,0.1269180178642273,,,,,
"The faculty is knowledgeable, but explanations could be clearer.
",0.0,1.0,0.0,0.0,0.1812346875667572,0.6140087842941284,0.20475657284259796,,,,,
"Practical sessions help in understanding better, but more examples would be great.
",0.0,1.0,0.0,0.0,0.1571783423423767,0.7058277726173401,0.1369939148426056,,,,,
"The pace of the syllabus is reasonable. More real-world applications could be discussed.
",0.0,1.0,0.0,0.0,0.11788833886384964,0.7304221391677856,0.15168949961662292,,,,,
"The labs are well-equipped, but software issues arise occasionally.
",0.0,1.0,0.0,0.0,0.20080438256263733,0.591914713382721,0.2072809636592865,,,,,
"The course was well-structured, and the hands-on sessions helped in understanding concepts better. The explanations were clear, and the examples used made it easier to grasp complex topics. I appreciate the effort in making the sessions interactive and informative. Looking forward to more sessions like this.",0.0,1.0,0.0,0.0,0.14908358454704285,0.7263013124465942,0.12461510300636292,,,,,
"The instructor explained everything in a very simple and clear manner. The real-world IoT applications were particularly interesting, and the hands-on projects gave me confidence in implementing IoT solutions. The content was well-paced, and the examples were relevant.",0.0,1.0,0.0,0.0,0.11607139557600021,0.7871052622795105,0.09682334959506989,,,,,
"The sessions covered a wide range of topics and were very interactive. I especially liked the project-based learning approach, which gave us the opportunity to work on real-world challenges. The instructor ensured that everyone followed along, making it an inclusive learning environment.",0.0,1.0,0.0,0.0,0.09390824288129807,0.8107182383537292,0.09537350386381149,,,,,
"The examples used in class were relatable and made it easy to understand complex AI concepts. The instructor was patient in addressing all queries. The assignments helped reinforce what was taught in the sessions. Overall, a very well-planned and structured course.",0.0,1.0,0.0,0.0,0.1777356117963791,0.6659759879112244,0.15628838539123535,,,,,
"The course was engaging, and the practical tasks reinforced theoretical concepts effectively. The interactive elements of the sessions kept us engaged throughout. The problem-solving activities helped develop a deeper understanding of the subject. Looking forward to more.",0.0,1.0,0.0,0.0,0.14926226437091827,0.7382309436798096,0.11250681430101395,,,,,
The deep learning concepts were explained exceptionally well. The assignments helped in solidifying our understanding. The instructor’s ability to simplify technical concepts made learning easy and fun. The practical exercises made a huge difference in my understanding.,0.0,1.0,0.0,0.0,0.18189261853694916,0.6803672313690186,0.13774023950099945,,,,,
"The workshop was well-organized, and the resources provided were very helpful. The hands-on labs made the sessions even more engaging. The instructor’s ability to clarify doubts made the learning process smooth and enjoyable.",0.0,1.0,0.0,0.0,0.1886523813009262,0.6336709260940552,0.17767666280269623,,,,,
The coding exercises and practical examples made the sessions highly interactive. The step-by-step demonstrations were very helpful. The instructor provided in-depth knowledge in an easy-to-understand manner.,0.0,1.0,0.0,0.0,0.11642267554998398,0.7861664295196533,0.09741096943616867,,,,,
"The IT department is well-structured, offering courses designed to meet current industry standards. Professors are approachable and provide individual attention. Labs and software resources are always up-to-date, helping students develop industry-ready skills.	",0.0,1.0,0.0,0.0,0.12652847170829773,0.7738604545593262,0.09961105138063431,,,,,
"The CSE department provides an engaging curriculum that is constantly updated to reflect the latest technological advancements. Professors offer personalized guidance, ensuring that every student is able to grasp complex concepts. Collaborative projects are encouraged.	",0.0,1.0,0.0,0.0,0.11006591469049454,0.7984618544578552,0.09147223085165024,,,,,
The IoT-based projects helped me understand real-world applications better. The instructor provided valuable insights and was very approachable. The content was structured in a way that made it easy to follow.,0.0,1.0,0.0,0.0,0.10491941124200821,0.8191590309143066,0.07592163980007172,,,,,
"CSE offers an environment where students can thrive, with ample opportunities to engage in research and practical applications. The curriculum is rigorous but highly rewarding. Faculty provide constant support through workshops and consultations.	",0.0,1.0,0.0,0.0,0.10635989159345627,0.7925199270248413,0.10112025588750839,,,,,
The sessions were well-paced and provided great insights into AI applications. The instructor’s expertise and engaging teaching style made learning enjoyable. The use of industry case studies was a great addition.,0.0,1.0,0.0,0.0,0.13684579730033875,0.7585864067077637,0.10456770658493042,,,,,
The course content was very detailed and covered all the necessary topics. The instructor made sure everyone understood the concepts clearly. The interactive elements of the sessions made them more engaging,0.0,1.0,0.0,0.0,0.12370804697275162,0.7650635242462158,0.11122836917638779,,,,,
"CSE’s curriculum is both challenging and engaging, providing students with the tools to succeed in technology-related careers. Professors offer great support in both theoretical and practical areas. There are numerous opportunities for research and innovation.	",0.0,1.0,0.0,0.0,0.11952599883079529,0.7978252172470093,0.08264883607625961,,,,,
The instructor's approach to explaining concepts with real-world applications made the sessions very interesting. The hands-on exercises reinforced learning effectively.,0.0,1.0,0.0,0.0,0.16061453521251678,0.7187557220458984,0.12062982469797134,,,,,
"AIML is an excellent department, offering a robust curriculum that prepares students for AI roles. Professors are experts in their fields and are always available for support. The department emphasizes both theoretical and practical learning.	",0.0,1.0,0.0,0.0,0.1524450182914734,0.7550057768821716,0.09254918992519379,,,,,
"The IoT program provides an excellent platform to learn and implement IoT concepts. The department is well-equipped with tools, and faculty provide real-world insights into the IoT industry. The projects are engaging and provide great learning opportunities.	",0.0,1.0,0.0,0.0,0.125963032245636,0.779897153377533,0.09413982927799225,,,,,
The IoT program provides an immersive learning experience with exposure to the latest technologies. Professors are very supportive and ensure that students get hands-on experience. The labs are well-equipped for practical learning.	,0.0,1.0,0.0,0.0,0.10997559875249863,0.796983003616333,0.09304138273000717,,,,,
"The interactive sessions kept us engaged. The practical assignments were challenging yet interesting. Overall, a great learning experience.",0.0,1.0,0.0,0.0,0.12964436411857605,0.7381264567375183,0.13222916424274445,,,,,
The deep learning module was very well-structured. The instructor was knowledgeable and made the concepts easy to understand.,0.0,1.0,0.0,0.0,0.10752923041582108,0.8303407430648804,0.062129952013492584,,,,,
"The IoT department offers excellent resources and mentorship. The curriculum is relevant, and the faculty ensure that students work on projects that solve real-world problems. The labs are equipped with the latest technology, making it a great learning experience.	",0.0,1.0,0.0,0.0,0.1113494411110878,0.7919861674308777,0.09666440635919571,,,,,
"The IoT department offers hands-on projects that prepare us for the industry. The curriculum covers the latest trends in IoT, and the professors are always there to guide students. The labs are well-equipped with modern devices and tools.	",0.0,1.0,0.0,0.0,0.11016106605529785,0.8064260482788086,0.08341288566589355,,,,,
The AIML department provides an excellent learning environment with a perfect balance of theory and practical application. The professors are experts in the field and guide us through challenging concepts. The department prepares students well for AI careers.	,0.0,1.0,0.0,0.0,0.09880796074867249,0.7934121489524841,0.10777993500232697,,,,,
"The IoT workshop gave a hands-on experience, making it easier to understand hardware-software integration. The live demos were great.",0.0,1.0,0.0,0.0,0.17081645131111145,0.7198590040206909,0.10932447761297226,,,,,
AIML’s focus on hands-on learning helps students apply theoretical concepts in real-world scenarios. The faculty ensures that we are equipped with the latest AI knowledge. The department offers a lot of opportunities for research and development.	,0.0,1.0,0.0,0.0,0.145106241106987,0.7397482395172119,0.1151454970240593,,,,,
The way topics were explained with industry use cases helped in better understanding. The instructor ensured that everyone participated.,0.0,1.0,0.0,0.0,0.15434080362319946,0.7074806690216064,0.1381785273551941,,,,,
The best part was the project-based learning and the clear explanations. The assignments were practical and useful.,0.0,1.0,0.0,0.0,0.13977883756160736,0.7477881908416748,0.11243298649787903,,,,,
The deep learning models were explained in a simple yet effective way. The practical assignments helped in gaining hands-on experience.,0.0,1.0,0.0,0.0,0.18857985734939575,0.6451995968818665,0.1662205010652542,,,,,
"The IoT projects were very interesting, and the real-world applications discussed were insightful. The instructor was knowledgeable.",0.0,1.0,0.0,0.0,0.11083897203207016,0.7826101183891296,0.10655085742473602,,,,,
"The practical approach to teaching was great. The sessions were engaging, and the assignments helped in reinforcing concepts.",0.0,1.0,0.0,0.0,0.10566180944442749,0.8283718824386597,0.06596629321575165,,,,,
"The AI concepts were covered in-depth, and the practical exercises were very useful. The instructor made sure everyone understood the material.",0.0,1.0,0.0,0.0,0.10224231332540512,0.8354869484901428,0.06227075681090355,,,,,
"The IoT case studies were very relevant, and the hands-on labs helped in gaining practical knowledge. The instructor was very helpful.",0.0,1.0,0.0,0.0,0.1932307481765747,0.6663501262664795,0.1404191255569458,,,,,
"The IoT lab sessions were the best part, providing hands-on experience with real devices. The explanations were clear and detailed.",0.0,1.0,0.0,0.0,0.10493694990873337,0.8399763107299805,0.05508675426244736,,,,,
"The explanations were detailed, and the coding exercises helped in improving skills. The instructor was patient and encouraging.",0.0,1.0,0.0,0.0,0.12075433135032654,0.7829810380935669,0.09626471251249313,,,,,
"IT offers a variety of courses, but the depth of the content sometimes feels insufficient for advanced learners. While the professors are helpful, more up-to-date tools and technologies could make the program more competitive.	",0.0,1.0,0.0,0.0,0.1726662814617157,0.7030473947525024,0.12428642064332962,,,,,
Practical sessions were informative and helped me understand the concepts better.,0.0,1.0,0.0,0.0,0.14090317487716675,0.7426452040672302,0.11645162105560303,,,,,
"The course structure is well-organized, and the assignments are very engaging",0.0,1.0,0.0,0.0,0.10809098184108734,0.7501406073570251,0.14176848530769348,,,,,
The online resources are easily accessible and help with understanding the lectures better.,0.0,1.0,0.0,0.0,0.12375930696725845,0.7703539729118347,0.10588674992322922,,,,,
Excellent faculty and engaging projects.,0.0,1.0,0.0,0.0,0.04492335021495819,0.8620032668113708,0.09307337552309036,,,,,
The infrastructure and library facilities are great,0.0,1.0,0.0,0.0,0.13310374319553375,0.7385389804840088,0.12835724651813507,,,,,
"The curriculum is well-designed, and it has helped me in my personal growth.",0.0,1.0,0.0,0.0,0.08299866318702698,0.8255401849746704,0.09146113693714142,,,,,
I appreciate the continuous feedback from professors throughout the semester.,0.0,1.0,0.0,0.0,0.13426993787288666,0.7431908845901489,0.12253917008638382,,,,,
"The extra-curricular activities are aligned with industry needs, which is very helpful.",0.0,1.0,0.0,0.0,0.06467509269714355,0.8849336504936218,0.05039120838046074,,,,,
The department is very supportive of students’ creative ideas and projects,0.0,1.0,0.0,0.0,0.10430700331926346,0.7936794757843018,0.10201358050107956,,,,,
The seminars and guest lectures were very informative and motivating.,0.0,1.0,0.0,0.0,0.0718129500746727,0.8389669060707092,0.08922011405229568,,,,,
"The department has a good reputation, and the internships offered were highly beneficial.",0.0,1.0,0.0,0.0,0.16501259803771973,0.6928253173828125,0.1421620100736618,,,,,
"The department keeps us updated on the latest technology trends, which is great for learning.",0.0,1.0,0.0,0.0,0.13232183456420898,0.7064909934997559,0.161187082529068,,,,,
"The department is very interactive, and the professors encourage us to ask questions.",0.0,1.0,0.0,0.0,0.13439694046974182,0.6461731791496277,0.21942991018295288,,,,,
The curriculum covers a wide range of topics and is designed to keep us engaged.,0.0,1.0,0.0,0.0,0.1299077272415161,0.7316992282867432,0.13839302957057953,,,,,
"    The teaching method is very effective, making it easier to grasp difficult concepts.",0.0,1.0,0.0,0.0,0.08109461516141891,0.7782533764839172,0.1406519114971161,,,,,
The research opportunities in the department are outstanding and encourage us to innovate.,0.0,1.0,0.0,0.0,0.13136309385299683,0.6754291653633118,0.1932077556848526,,,,,
The practical sessions are well-organized and align with theoretical lessons effectively.,0.0,1.0,0.0,0.0,0.10255779325962067,0.8202812671661377,0.07716090977191925,,,,,
The practical examples were very useful in learning how AI models work in real-life applications. The instructor made it easy to understand through step-by-step guidance. I particularly enjoyed the case studies and real-world applications discussed. It was a great learning experience.,0.0,1.0,0.0,0.0,0.14322447776794434,0.7298558354377747,0.12691964209079742,,,,,
"The workshop provided deep insights into current industry trends. The hands-on practice sessions were very beneficial in understanding how technology is applied in the real world. The problem-solving exercises were an added advantage, making the learning more practical and engaging.",0.0,1.0,0.0,0.0,0.11712870001792908,0.7861208915710449,0.0967504158616066,,,,,
"The course provided a solid foundation in IoT and its applications. The hands-on activities enhanced the learning experience, and I feel more confident in implementing IoT-based projects now. The instructor’s deep knowledge and engaging teaching style made learning enjoyable.",0.0,1.0,0.0,0.0,0.21716269850730896,0.610243022441864,0.17259429395198822,,,,,
The content was detailed yet easy to understand. The faculty was very supportive and answered all doubts patiently. The discussions and case studies provided great insight into industry applications. The use of real-world scenarios made learning more engaging and practical.,0.0,1.0,0.0,0.0,0.1278177946805954,0.7554152011871338,0.11676693707704544,,,,,
"The content covered was relevant and up-to-date. The explanations were clear, and the practical aspects helped reinforce the theoretical concepts. The projects helped in understanding the practical applications better.",0.0,1.0,0.0,0.0,0.13253073394298553,0.7748712301254272,0.0925980880856514,,,,,
The AI concepts were explained with great clarity. The session included real-world examples and case studies that made it more engaging. I found the assignments to be very helpful in solidifying my understanding.,0.0,1.0,0.0,0.0,0.16230466961860657,0.6999741792678833,0.1377212107181549,,,,,
The interactive learning approach helped in better understanding of the concepts. The hands-on sessions were well-designed and easy to follow. The instructor explained everything with clarity and patience.,0.0,1.0,0.0,0.0,0.11872711032629013,0.7619855403900146,0.11928734928369522,,,,,
VigneshwaranThe IoT department provides extensive exposure to cutting-edge technologies. Projects allow students to work on real-world IoT applications. Faculty members are always available to provide guidance and help overcome challenges. The program offers plenty of growth opportunities.	,0.0,1.0,0.0,0.0,0.23303015530109406,0.6265261769294739,0.1404436230659485,,,,,
"The session was engaging, and the instructor’s explanations were clear. The examples used were very relevant to real-world applications. The structured approach helped in grasping difficult concepts easily.",0.0,1.0,0.0,0.0,0.1381249874830246,0.7766162753105164,0.08525875210762024,,,,,
The real-world IoT applications discussed were very informative. The hands-on activities helped in understanding how IoT can be implemented practically. The instructor was very supportive and encouraged participation.,0.0,1.0,0.0,0.0,0.14001977443695068,0.729042112827301,0.13093815743923187,,,,,
The way deep learning concepts were explained made them easy to grasp. The interactive Q&A sessions were helpful. The real-world examples made learning more relatable.,0.0,1.0,0.0,0.0,0.22096338868141174,0.6251457333564758,0.15389090776443481,,,,,
The course provided an excellent introduction to IoT with practical use cases. The live demonstrations added value to the learning experience.,0.0,1.0,0.0,0.0,0.10103164613246918,0.8086249232292175,0.0903434306383133,,,,,
"The course structure was well-organized, covering all essential topics. The assignments reinforced learning effectively. The instructor was very supportive.",0.0,1.0,0.0,0.0,0.13868078589439392,0.7475613355636597,0.11375787109136581,,,,,
"The best part was the project-based learning approach, which helped in understanding real-world applications. The instructor made the concepts very clear.",0.0,1.0,0.0,0.0,0.153229221701622,0.6799976229667664,0.16677315533161163,,,,,
The AI techniques were well-explained with examples from different industries. The hands-on practice helped in improving my understanding.,0.0,1.0,0.0,0.0,0.16749632358551025,0.7302520275115967,0.10225159674882889,,,,,
The IoT applications discussed were very insightful. The hands-on projects provided a solid foundation in implementing IoT-based solutions.,0.0,1.0,0.0,0.0,0.12254071235656738,0.795543372631073,0.08191583305597305,,,,,
"The instructor explained everything patiently, making sure everyone followed along. The case studies added real-world relevance to the lessons.",0.0,1.0,0.0,0.0,0.12621447443962097,0.8027006387710571,0.0710848867893219,,,,,
The IoT department provides ample opportunities for students to work on real-world projects. The infrastructure and faculty support are exceptional. The department’s hands-on approach helps students build strong practical skills in IoT applications.	,0.0,1.0,0.0,0.0,0.1516427844762802,0.7144068479537964,0.13395032286643982,,,,,
IT offers an in-depth curriculum designed to equip students with modern skills. The professors are friendly and provide valuable insights into industry practices. The department offers regular workshops and interaction with industry professionals.	,0.0,1.0,0.0,0.0,0.10967788100242615,0.8122738003730774,0.07804836332798004,,,,,
"IT offers a solid foundation in the latest technology. The professors ensure we understand complex concepts and encourage independent learning. The department is well-equipped, and projects align with real-world industry scenarios.	",0.0,1.0,0.0,0.0,0.14918573200702667,0.7192542552947998,0.13155993819236755,,,,,
"The course covered everything in a structured way, and the interactive quizzes made learning fun. The examples used were very relevant.",0.0,1.0,0.0,0.0,0.06886422634124756,0.8309068083763123,0.10022899508476257,,,,,
The instructor was excellent at explaining coding concepts with real-world applications. The pace of teaching was perfect.,0.0,1.0,0.0,0.0,0.11659316718578339,0.7828876972198486,0.1005190908908844,,,,,
"AIML’s curriculum is comprehensive, and the department ensures students get hands-on experience in building AI models. The faculty is supportive and encourages innovation. The projects offer valuable exposure to the AI industry.	",0.0,1.0,0.0,0.0,0.10494229197502136,0.8191328048706055,0.07592494785785675,,,,,
"The course provided a great overview of AI and ML, making complex topics easy to understand. The real-world case studies were valuable.",0.0,1.0,0.0,0.0,0.14477835595607758,0.7139524817466736,0.14126919209957123,,,,,
The hands-on experience with IoT hardware was really helpful. The instructor clarified all doubts effectively. The content was well-structured.,0.0,1.0,0.0,0.0,0.10147611796855927,0.8214578032493591,0.07706607133150101,,,,,
"The CSE department covers important topics in computer science. The professors provide basic guidance, but more practical exposure would help. Some courses can be a bit outdated in terms of industry relevance.	",0.0,1.0,0.0,0.0,0.1436195969581604,0.7636358141899109,0.09274458885192871,,,,,
"The coding sessions were well-explained, and the instructor made learning fun. The projects helped in understanding real-world applications better.",0.0,1.0,0.0,0.0,0.12481043487787247,0.775214672088623,0.09997491538524628,,,,,
"The course was well-planned and executed, covering all major topics. The real-world discussions were a great addition.",0.0,1.0,0.0,0.0,0.1903199851512909,0.647404134273529,0.16227589547634125,,,,,
"The projects were well-structured, and the learning approach was very engaging. The instructor was approachable and supportive.",0.0,1.0,0.0,0.0,0.15478551387786865,0.6798886656761169,0.16532577574253082,,,,,
The instructor’s method of explaining AI algorithms was easy to understand. The course content was excellent.,0.0,1.0,0.0,0.0,0.1367882788181305,0.7220097780227661,0.1412019282579422,,,,,
"The course was engaging, and the assignments helped in practical learning. The instructor made learning interesting with real-life examples.",0.0,1.0,0.0,0.0,0.13063736259937286,0.7661191821098328,0.10324352234601974,,,,,
The AI models were explained with great clarity. The hands-on approach made the learning process more effective and enjoyable.,0.0,1.0,0.0,0.0,0.15746824443340302,0.7287975549697876,0.11373413354158401,,,,,
"The CSE department provides a solid foundation in computer science but lacks exposure to newer programming languages and technologies. The faculty is supportive, but the learning environment could be more dynamic.	",0.0,1.0,0.0,0.0,0.10190464556217194,0.7952698469161987,0.1028255894780159,,,,,
"The AIML department provides a general overview of AI concepts. However, there is not enough emphasis on implementing AI solutions. More hands-on projects and exposure to emerging AI technologies would be helpful.	",0.0,1.0,0.0,0.0,0.18130728602409363,0.6927320957183838,0.12596067786216736,,,,,
The teaching quality is excellent and the faculty are highly knowledgeable.,0.0,1.0,0.0,0.0,0.12837162613868713,0.8027955889701843,0.06883279234170914,,,,,
The department offers great career guidance and internships,0.0,1.0,0.0,0.0,0.12496740370988846,0.733396589756012,0.14163601398468018,,,,,
"The labs are well-equipped, and the faculty provide great support during projects",0.0,1.0,0.0,0.0,0.14601464569568634,0.6742079854011536,0.1797773391008377,,,,,
"The design studio sessions are very creative, and the professors give great feedback",0.0,1.0,0.0,0.0,0.12433149665594101,0.7615963816642761,0.11407209187746048,,,,,
The practical exposure through case studies was very beneficial.,0.0,1.0,0.0,0.0,0.09017035365104675,0.7854223847389221,0.12440726906061172,,,,,
The projects are challenging and push you to think critically.,0.0,1.0,0.0,0.0,0.11377391219139099,0.7800500988960266,0.10617604106664658,,,,,
The department fosters a collaborative learning environment that helps everyone grow. ,0.0,1.0,0.0,0.0,0.12976588308811188,0.7234961986541748,0.14673787355422974,,,,,
The practical knowledge gained from the workshops is invaluable.,0.0,1.0,0.0,0.0,0.1255214363336563,0.711485743522644,0.16299280524253845,,,,,
The professors are approachable and always ready to help.,0.0,1.0,0.0,0.0,0.058552421629428864,0.8465741872787476,0.09487338364124298,,,,,
"The course content is relevant to current industry trends, making it more practical.",0.0,1.0,0.0,0.0,0.11231155693531036,0.769888162612915,0.11780031770467758,,,,,
"The course helped me develop both technical and soft skills, preparing me for the workforce.",0.0,1.0,0.0,0.0,0.1108701080083847,0.7157233357429504,0.17340655624866486,,,,,
The computer labs are state-of-the-art and facilitate learning effectively.,0.0,1.0,0.0,0.0,0.04405195266008377,0.8381445407867432,0.11780353635549545,,,,,
The department offers excellent mentorship that guides me towards my goals.,0.0,1.0,0.0,0.0,0.13457344472408295,0.7482151985168457,0.11721138656139374,,,,,
The practical assignments are always hands-on and align with industry standards.,0.0,1.0,0.0,0.0,0.07438633590936661,0.8527926802635193,0.07282093167304993,,,,,
The department provides great networking opportunities with professionals in the field.,0.0,1.0,0.0,0.0,0.08811282366514206,0.8150535225868225,0.09683361649513245,,,,,
The department hosts a variety of guest lectures from successful entrepreneurs.,0.0,1.0,0.0,0.0,0.09022916108369827,0.8756499886512756,0.03412080183625221,,,,,
The coding assignments helped me sharpen my programming skills.,0.0,1.0,0.0,0.0,0.0596720390021801,0.8137629628181458,0.12656503915786743,,,,,
"The department is very focused on sustainability, which is important in the current industry.",0.0,1.0,0.0,0.0,0.11054503917694092,0.7535884380340576,0.13586647808551788,,,,,
"The course content is up-to-date, but some topics need deeper coverage.
",0.0,1.0,0.0,0.0,0.15890580415725708,0.6807813048362732,0.16031286120414734,,,,,
"Teaching methods are effective, but more interactive sessions would help.
",0.0,1.0,0.0,0.0,0.24724508821964264,0.5114409923553467,0.24131394922733307,,,,,
"The session was too rushed, and there wasn’t enough time to cover the key concepts properly. More time should be spent on important areas.	",0.0,1.0,0.0,0.0,0.15308129787445068,0.7469192743301392,0.09999947249889374,,,,,
"The syllabus is extensive, but manageable with good time management.
",0.0,1.0,0.0,0.0,0.210464209318161,0.5462407469749451,0.24329501390457153,,,,,
"Group projects enhance learning, but coordination is sometimes a challenge.
",1.0,0.0,0.0,-0.296,0.23158496618270874,0.5648127198219299,0.20360229909420013,,,,,
"Good career guidance provided, but more industry exposure is needed.
",0.0,1.0,0.0,0.0,0.20101948082447052,0.5849141478538513,0.21406637132167816,,,,,
"The presentation didn’t provide enough depth on important topics. The explanations were too shallow, and the examples were not relatable.	",0.0,1.0,0.0,0.0,0.09615730494260788,0.8330375552177429,0.07080518454313278,,,,,
"Faculty is approachable, but doubt-clearing sessions can be improved.
",0.0,1.0,0.0,0.0,0.1351781189441681,0.738715648651123,0.12610624730587006,,,,,
"The session failed to engage the audience. Key points were skipped, and there was little explanation of technical details.	",0.0,1.0,0.0,0.0,0.14789755642414093,0.7620264291763306,0.09007606655359268,,,,,
"The library resources are sufficient, but digital resources could be expanded.
",0.0,1.0,0.0,0.0,0.09881117939949036,0.7393654584884644,0.1618233174085617,,,,,
The session was too basic and didn’t cover advanced topics. There was a lack of practical examples to support the theoretical material.	,0.0,1.0,0.0,0.0,0.12423594295978546,0.7744565010070801,0.10130748152732849,,,,,
"Well-balanced theoretical and practical aspects, though some topics feel rushed.
",0.0,1.0,0.0,0.0,0.163508340716362,0.6831789016723633,0.1533128172159195,,,,,
"The infrastructure is good, but internet connectivity issues persist.
",0.0,1.0,0.0,0.0,0.17662924528121948,0.5722917914390564,0.25107890367507935,,,,,
"The content was delivered too quickly, and key points were glossed over. There were not enough examples to explain the material thoroughly.	",0.0,1.0,0.0,0.0,0.14011938869953156,0.7643433809280396,0.09553726762533188,,,,,
"The session lacked depth, and the material was too basic. There were no real-world examples to make the concepts clear.	",0.0,1.0,0.0,0.0,0.0928877666592598,0.8370952606201172,0.07001690566539764,,,,,
"Evaluations are fair, but feedback on assignments could be more detailed.
",0.0,1.0,0.0,0.0,0.15928086638450623,0.6561501622200012,0.18456900119781494,,,,,
"Course updates are frequent, which is good, but adapting takes time.
",0.0,1.0,0.0,0.0,0.1818963587284088,0.6099928021430969,0.20811080932617188,,,,,
The session failed to provide enough depth in the critical areas. Many concepts were only briefly touched on without proper explanation.	,0.0,1.0,0.0,0.0,0.1489127278327942,0.7375003099441528,0.11358693987131119,,,,,
"Labs provide hands-on experience, but scheduling could be better.
",0.0,1.0,0.0,0.0,0.14877517521381378,0.6704165935516357,0.1808081716299057,,,,,
"The workload is manageable, though some subjects feel repetitive.
",0.0,1.0,0.0,0.0,0.18769386410713196,0.6317237615585327,0.18058229982852936,,,,,
"The faculty encourages discussions, but the timing of some classes is inconvenient.
",0.0,1.0,0.0,0.0,0.09302160143852234,0.5479896664619446,0.35898876190185547,,,,,
"The content lacked depth, and many key topics were left unexplained. More hands-on examples would have been useful.	",0.0,1.0,0.0,0.0,0.13030658662319183,0.7889178991317749,0.08077552914619446,,,,,
"The syllabus is diverse, but some topics feel outdated.
",0.0,1.0,0.0,0.0,0.1820407509803772,0.6437282562255859,0.17423099279403687,,,,,
The session was too slow-paced and did not explore more complex concepts. More technical depth and better examples were needed.	,0.0,1.0,0.0,0.0,0.1155027449131012,0.770327627658844,0.11416961252689362,,,,,
"Presentations and seminars are insightful, but could be scheduled better.
",0.0,0.0,1.0,0.4215,0.12140493094921112,0.69399493932724,0.18460018932819366,,,,,
"The programming assignments are helpful, but deadlines are sometimes tight.
",0.0,1.0,0.0,0.0,0.17979653179645538,0.6426535248756409,0.17754995822906494,,,,,
The content was too rushed and lacked sufficient explanation for the topics discussed. More time should have been spent on crucial sections.	,0.0,1.0,0.0,0.0,0.10426026582717896,0.8118726015090942,0.08386711776256561,,,,,
"The exams test understanding well, but sometimes cover unexpected topics.
",0.0,1.0,0.0,0.0,0.08084475994110107,0.8314815759658813,0.08767366409301758,,,,,
"Communication with faculty is easy, but response times vary.
",0.0,1.0,0.0,0.0,0.11566036194562912,0.7534736394882202,0.13086602091789246,,,,,
"The session lacked clear objectives, and many important concepts were either skipped or only briefly covered.	",0.0,1.0,0.0,0.0,0.11231174319982529,0.8172374963760376,0.07045073062181473,,,,,
"Hands-on training sessions help, but they could be more frequent.
",0.0,1.0,0.0,0.0,0.1528816670179367,0.6654542088508606,0.1816641241312027,,,,,
"Industry-relevant projects are assigned, but guidance is minimal.
",0.0,1.0,0.0,0.0,0.20820994675159454,0.5784720182418823,0.21331806480884552,,,,,
"Good opportunities for research, but finding mentors is challenging.
",0.0,1.0,0.0,0.0,0.18069687485694885,0.6142609715461731,0.20504213869571686,,,,,
"Extra-curricular tech events are beneficial, but more participation is needed.
",0.0,1.0,0.0,0.0,0.17456763982772827,0.6473798155784607,0.17805247008800507,,,,,
"The course provides a good foundation, but specialization options could be expanded.
",0.0,1.0,0.0,0.0,0.18819065392017365,0.6681395769119263,0.14366979897022247,,,,,
"The college organizes helpful hackathons, but sometimes they clash with exams.
",0.0,1.0,0.0,0.0,0.17451028525829315,0.6633748412132263,0.1621149480342865,,,,,
"The project guidance is helpful, but feedback could be more constructive.
",0.0,1.0,0.0,0.0,0.1122395321726799,0.773078203201294,0.11468226462602615,,,,,
The session was highly informative and well-structured. The instructor provided clear explanations and engaging examples.	,0.0,1.0,0.0,0.0,0.14059558510780334,0.7581790089607239,0.10122542828321457,,,,,
"The content was presented clearly, with great real-world examples. The session was interactive and easy to follow.	",0.0,1.0,0.0,0.0,0.13571199774742126,0.7470200061798096,0.11726804077625275,,,,,
"The syllabus is outdated and doesn't align with industry standards.
",0.0,1.0,0.0,0.0,0.1941182017326355,0.6094464063644409,0.1964353770017624,,,,,
"The instructor was very knowledgeable, and the examples made the complex topics more understandable. The pace was perfect.	",0.0,1.0,0.0,0.0,0.14132186770439148,0.7358067631721497,0.12287132441997528,,,,,
"Lectures are rushed, making it hard to grasp concepts properly.
",0.0,1.0,0.0,0.0,0.2277461141347885,0.5442037582397461,0.2280501425266266,,,,,
"Faculty doesn’t provide enough practical examples, making it theoretical.
",0.0,1.0,0.0,0.0,0.14342282712459564,0.6918319463729858,0.1647452563047409,,,,,
"The session was engaging and well-paced. The material was thoroughly explained, and the examples made it easier to understand.	",0.0,1.0,0.0,0.0,0.09842611849308014,0.8078986406326294,0.09367527067661285,,,,,
"Labs are disorganized, and equipment is often unavailable or faulty.
",0.0,1.0,0.0,0.0,0.12085611373186111,0.8050474524497986,0.07409646362066269,,,,,
"The instructor did a great job in breaking down the material. The examples were helpful, and the session had a good balance of theory and practice.	",0.0,1.0,0.0,0.0,0.13030658662319183,0.7889178991317749,0.08077552914619446,,,,,
"Assignments are repetitive and don’t contribute to real learning.
",0.0,1.0,0.0,0.0,0.14746497571468353,0.686890721321106,0.1656443476676941,,,,,
"The faculty is unresponsive to doubts, making it difficult to get clarifications.
",0.0,1.0,0.0,0.0,0.23453590273857117,0.495685338973999,0.2697787582874298,,,,,
The session was very interactive. The instructor made the topics easy to understand by using relevant examples and scenarios.	,0.0,1.0,0.0,0.0,0.14804628491401672,0.7545662522315979,0.09738749265670776,,,,,
"The instructor was very engaging, and the material was explained in a way that was both clear and comprehensive.	",0.0,1.0,0.0,0.0,0.1884746253490448,0.668501615524292,0.1430237591266632,,,,,
"The internet connection in the campus is unreliable, making online research difficult.
",0.0,1.0,0.0,0.0,0.14195141196250916,0.6964001655578613,0.16164840757846832,,,,,
"The content was presented logically, with step-by-step explanations. The examples were extremely useful for reinforcing the material.	",0.0,1.0,0.0,0.0,0.11367606371641159,0.7781316637992859,0.10819230228662491,,,,,
"Too much focus on theory with little exposure to real-world projects.
",0.0,1.0,0.0,0.0,0.1956421434879303,0.5653095841407776,0.2390483021736145,,,,,
"Exams don’t reflect what was taught in class, making them difficult to pass.
",0.0,1.0,0.0,0.0,0.1323603093624115,0.7157109975814819,0.1519286334514618,,,,,
"The course structure lacks flexibility, making it hard to explore personal interests.
",0.0,1.0,0.0,0.0,0.21623949706554413,0.5703070163726807,0.2134535312652588,,,,,
The session was easy to follow and full of useful insights. The instructor answered all questions with clear and thoughtful explanations.	,0.0,1.0,0.0,0.0,0.14669562876224518,0.7460787296295166,0.1072256788611412,,,,,
"The grading system is inconsistent, and feedback is rarely provided.
",0.0,1.0,0.0,0.0,0.14324338734149933,0.6997286081314087,0.15702803432941437,,,,,
The session was well-organized and engaging. The instructor provided clear explanations and demonstrated practical examples effectively.	,0.0,1.0,0.0,0.0,0.11728807538747787,0.7924736142158508,0.09023837000131607,,,,,
"Many faculty members read from slides instead of explaining concepts.
",0.0,1.0,0.0,0.0,0.18897531926631927,0.6230392456054688,0.18798542022705078,,,,,
The material was explained in a way that made complex concepts easy to understand. The session was very engaging and informative.	,0.0,1.0,0.0,0.0,0.1771932691335678,0.6881868839263916,0.13461977243423462,,,,,
"The session was highly interactive and well-paced. The instructor used real-world examples, which made the content more applicable.	",0.0,1.0,0.0,0.0,0.1471952646970749,0.733812153339386,0.11899252235889435,,,,,
"Industry exposure is minimal, with very few internships or guest lectures.",0.0,1.0,0.0,0.0,0.12124673277139664,0.7595301270484924,0.11922311782836914,,,,,
The session was well-structured and informative. The content was explained clearly with practical applications to help reinforce the learning.	,0.0,1.0,0.0,0.0,0.11549617350101471,0.802269697189331,0.08223411440849304,,,,,
"The classroom environment is noisy, making it hard to concentrate.
",0.0,1.0,0.0,0.0,0.18867239356040955,0.6114034652709961,0.19992415606975555,,,,,
"The session covered all necessary topics in depth, and the instructor did a great job at making complex concepts accessible and understandable.	",0.0,1.0,0.0,0.0,0.13867361843585968,0.7733023166656494,0.0880240723490715,,,,,
"Course material is outdated, with little relevance to current technology.
",0.0,1.0,0.0,0.0,0.24555599689483643,0.4782601296901703,0.27618393301963806,,,,,
"Timetables are not well-planned, leading to long gaps between classes.
",0.0,1.0,0.0,0.0,0.1528816670179367,0.6654542088508606,0.1816641241312027,,,,,
"Practical assignments are poorly explained, making them difficult to complete.
",0.0,1.0,0.0,0.0,0.21672356128692627,0.6775028705596924,0.10577357560396194,,,,,
"There’s a lack of hands-on learning, making concepts difficult to apply.
",0.0,1.0,0.0,0.0,0.12989097833633423,0.7103646397590637,0.15974438190460205,,,,,
"The library lacks important technical books, limiting study resources.
",0.0,1.0,0.0,0.0,0.23638825118541718,0.5660063624382019,0.19760537147521973,,,,,
"Faculty doesn’t encourage student participation in class discussions.
",0.0,1.0,0.0,0.0,0.227169930934906,0.5653809309005737,0.20744913816452026,,,,,
"The placement cell is not very active, and opportunities are limited.
",0.0,1.0,0.0,0.0,0.17010094225406647,0.6055742502212524,0.22432482242584229,,,,,
"Course scheduling is poor, leading to exam clashes and stress.
",0.0,1.0,0.0,0.0,0.17343726754188538,0.6239292025566101,0.2026335597038269,,,,,
"Technical support is slow, and software issues take too long to resolve.
",0.0,1.0,0.0,0.0,0.22176037728786469,0.512478768825531,0.2657608091831207,,,,,
"The cafeteria food is poor, and hygiene standards are low.
",0.0,1.0,0.0,0.0,0.14827674627304077,0.7330278754234314,0.11869543045759201,,,,,
"The faculty discourages creativity and only focuses on marks.
",0.0,1.0,0.0,0.0,0.09377117455005646,0.7656527161598206,0.14057613909244537,,,,,
"Research opportunities are scarce, making it hard to work on new ideas.
",0.0,1.0,0.0,0.0,0.17588064074516296,0.6234933733940125,0.2006259560585022,,,,,
"The session was excellent, with well-explained concepts. The examples were very relevant, which helped me understand the topics better.	",0.0,1.0,0.0,0.0,0.15194949507713318,0.7339892983436584,0.11406129598617554,,,,,
"The classroom infrastructure is poor, with broken chairs and bad ventilation.
",0.0,1.0,0.0,0.0,0.14693671464920044,0.669390857219696,0.1836724728345871,,,,,
"The session was engaging, and the material was presented in a very clear and understandable way. The instructor used real-world examples well.	",0.0,1.0,0.0,0.0,0.08870353549718857,0.8326305747032166,0.07866589725017548,,,,,
"There is little support for students struggling academically.
",0.0,1.0,0.0,0.0,0.14809708297252655,0.6688460111618042,0.18305698037147522,,,,,
"The university portal is slow and crashes during exam registrations.
",0.0,1.0,0.0,0.0,0.25684118270874023,0.5183060169219971,0.2248527556657791,,,,,
"Many subjects feel repetitive, with little variety in topics.
",0.0,1.0,0.0,0.0,0.13182517886161804,0.6048007607460022,0.2633740305900574,,,,,
"The labs close too early, making it hard to complete practical work.",0.0,1.0,0.0,0.0,0.18971118330955505,0.6418254971504211,0.1684633046388626,,,,,
The session was structured and covered the material effectively. The practical examples helped me grasp the concepts much better.	,0.0,1.0,0.0,0.0,0.13001815974712372,0.761685311794281,0.1082964837551117,,,,,
"Attendance rules are too strict, leaving no room for flexibility.
",0.0,1.0,0.0,0.0,0.0913020446896553,0.7708284854888916,0.13786950707435608,,,,,
"The session was informative, and the pace was perfect. The instructor explained each topic in detail, making it very easy to follow.	",0.0,1.0,0.0,0.0,0.19998674094676971,0.658577561378479,0.1414356529712677,,,,,
